{"cameraMode":{"drawMode":0,"name":"Shaded","section":"Shading Mode"},"sceneLighting":true,"audioPlay":false,"sceneViewState":{"m_AlwaysRefresh":false,"showFog":true,"showSkybox":true,"showFlares":true,"showImageEffects":true,"showParticleSystems":true,"showVisualEffectGraphs":true,"m_FxEnabled":true},"in2DMode":false,"pivot":{"x":-28.518993377685548,"y":-24.479942321777345,"z":31.860748291015626},"rotation":{"x":-0.24915263056755067,"y":0.06118917837738991,"z":-0.015930823981761934,"w":-0.9664903283119202},"size":74.65908813476563,"orthographic":false}